date,precip_mean,rmax_mean,rmin_mean,srad_mean,tmin_mean,tmax_mean,wind_speed_mean
2019-01-01,0.4333333333333333,100,41.43333333333333,88.33333333333333,-15.0100000000001,16.969999999999967,5.51777618706753
2019-01-02,0,87.23333333333333,20.333333333333336,97.33333333333333,-3.550000000000053,31.309999999999963,6.71080887616321
2019-01-03,0.3333333333333333,73.03333333333333,29.333333333333336,95.03333333333333,15.769999999999923,38.98999999999994,9.2460033404915265
2019-01-04,0.13333333333333333,63.63333333333333,28.833333333333332,95.43333333333334,22.72999999999997,43.36999999999997,8.20209973753281
2019-01-05,0,49.93333333333334,25.6,93.5,25.84999999999993,43.669999999999995,6.934502505368649
2019-01-06,2.2,84.5,48.6,75.06666666666668,18.349999999999934,33.889999999999965,10.662729658792642
2019-01-07,8.333333333333334,78.4,56.03333333333333,71.5,16.8499999999999,27.169999999999934,21.250894774516798
2019-01-08,0,82.2,37.63333333333333,96.03333333333333,13.969999999999901,34.97,8.79861608208064
2019-01-09,0,76.76666666666667,28.666666666666664,95.7,16.129999999999967,42.109999999999964,7.38188976377953
2019-01-10,1.7999999999999998,61.43333333333334,29.166666666666668,97.83333333333333,21.769999999999968,41.98999999999997,5.5923407301360095
2019-01-11,5.6000000000000005,99.93333333333334,72.36666666666666,83.53333333333333,15.2899999999999,28.009999999999966,9.24600334049152
2019-01-12,0,100,52.36666666666667,91.9,2.149999999999966,29.14999999999993,4.101049868766403
2019-01-13,0,100,31.133333333333333,106.03333333333333,-0.010000000000062126,29.269999999999932,3.1317108088761634
2019-01-14,0.09999999999999999,52.63333333333333,15.233333333333333,107.23333333333333,4.789999999999938,34.54999999999997,6.93450250536865
2019-01-15,0.6333333333333333,62.96666666666667,26.8,99.7,15.709999999999948,37.24999999999997,7.45645430684801
2019-01-16,1.4666666666666666,76.6,54.166666666666664,85.36666666666666,22.55,33.109999999999964,10.513600572655696
2019-01-17,2.7666666666666666,72.5,41.266666666666666,94,22.309999999999967,38.14999999999997,11.184681460272033
2019-01-18,3.5666666666666664,91.16666666666667,64.33333333333333,91.89999999999999,16.249999999999964,27.529999999999966,12.750536864710101
2019-01-19,0.7,77.93333333333334,43.86666666666667,106.53333333333333,14.3899999999999,29.989999999999934,12.228585063230767
2019-01-20,0,67.03333333333333,39.2,103.7,23.149999999999967,38.209999999999965,9.84251968503937
2019-01-21,2.3666666666666667,92.2,33.766666666666666,105,10.669999999999934,37.66999999999994,11.706633261751367
2019-01-22,0.5666666666666667,85.39999999999999,54.13333333333333,97.03333333333333,5.2699999999999445,18.409999999999968,15.434860415175367
2019-01-23,2.6333333333333333,83.26666666666667,48.3,104.23333333333333,5.8699999999999335,22.069999999999933,13.8690050107373
2019-01-24,4.2,92.2,56.9,64.46666666666667,7.00999999999995,20.57,8.724051539012173
2019-01-25,1.1,74.9,44.63333333333333,114.56666666666666,10.549999999999951,24.649999999999967,12.303149606299232
2019-01-26,1.1666666666666667,69.43333333333334,47.46666666666667,88.8,15.35,26.45,15.062037699832967
2019-01-27,1.0333333333333332,85.93333333333334,46.733333333333334,109.8,16.909999999999968,33.82999999999996,17.00071581961347
2019-01-28,0,91.9,54.6,93.6,4.429999999999964,21.349999999999966,10.215342400381784
2019-01-29,0,63.900000000000006,29.966666666666665,122.56666666666666,6.649999999999921,24.769999999999932,11.632068718682902
2019-01-30,0.26666666666666666,51.5,22.633333333333333,126.23333333333333,12.769999999999913,32.08999999999994,12.452278692436167
2019-01-31,0,55.5,26.866666666666667,123.33333333333333,19.129999999999967,37.249999999999936,9.46969696969697
2019-02-01,0.09999999999999999,54.266666666666666,22.766666666666666,129.46666666666667,22.009999999999934,44.209999999999965,6.85993796230017
2019-02-02,0,50.3,28.4,127.53333333333333,25.729999999999965,40.54999999999993,10.364471486518731
2019-02-03,0,64.03333333333333,35.13333333333333,119.46666666666667,25.849999999999966,42.76999999999993,17.000715819613465
2019-02-04,1.8,62.96666666666667,37.5,121.43333333333332,24.829999999999966,39.71,14.316392269148167
2019-02-05,0.5333333333333333,71.5,41.9,125.7,20.209999999999898,35.51,12.079455977093765
2019-02-06,2.3,100,51.06666666666666,121.26666666666667,-7.450000000000037,23.869999999999965,8.425793366738251
2019-02-07,0,84.6,49.93333333333334,89.10000000000001,-4.510000000000063,9.469999999999974,14.316392269148169
2019-02-08,1.2,70.46666666666667,22.933333333333334,129.93333333333334,3.2899999999999205,30.22999999999997,8.27666428060129
2019-02-09,0,68.93333333333334,22.7,136.73333333333335,9.349999999999941,37.72999999999997,9.991648771176346
2019-02-10,0,76.5,28.433333333333334,143.86666666666667,9.70999999999994,35.32999999999997,9.69339059890241
2019-02-11,0,64.7,36.03333333333333,141.36666666666667,9.889999999999908,25.369999999999965,14.167263183011201
2019-02-12,0.09999999999999999,58.93333333333334,28.433333333333334,147.66666666666666,12.049999999999908,30.709999999999965,11.930326890956833
2019-02-13,2.5,49.4,27.366666666666667,142.86666666666667,24.169999999999966,40.189999999999934,17.82092579336673
2019-02-14,9.866666666666667,92.06666666666666,52.93333333333333,122.73333333333333,21.34999999999993,37.78999999999997,14.316392269148167
2019-02-15,3.166666666666667,92.1,47.766666666666666,141.23333333333335,17.509999999999966,36.649999999999935,14.912908613695999
2019-02-16,1.7333333333333334,90.73333333333333,41.9,143.36666666666667,5.509999999999914,26.509999999999934,14.465521355285134
2019-02-17,1.6666666666666667,97.56666666666666,38.56666666666667,153,-1.9300000000000566,21.8299999999999,7.5310188499164905
2019-02-18,0.8333333333333334,100,45.2,132,-6.730000000000057,18.46999999999993,6.710808876163209
2019-02-19,0.9666666666666667,100,55.6,141.43333333333334,-5.230000000000056,17.629999999999967,5.368647100930569
2019-02-20,0,82.83333333333333,38.199999999999996,149.13333333333333,-3.97000000000006,15.349999999999936,13.645311381531869
2019-02-21,0,61.13333333333333,20.833333333333332,142.16666666666666,14.569999999999974,41.08999999999997,7.456454306848009
2019-02-22,0.5333333333333333,67.26666666666667,27.866666666666667,145.83333333333334,20.749999999999964,44.03,7.829277022190411
2019-02-23,1.5999999999999999,51.53333333333333,28.6,162.53333333333333,15.76999999999993,31.25,14.763779527559066
2019-02-24,1.6,77.03333333333333,43.199999999999996,166.13333333333333,7.009999999999907,22.48999999999993,13.197924123120968
2019-02-25,0,100,82.43333333333334,161.33333333333334,-1.3300000000000731,14.450000000000001,10.14077785731332
2019-02-26,1.4,97.06666666666666,58.5,163.36666666666667,2.029999999999927,24.589999999999932,11.855762347888334
2019-02-27,1.5333333333333334,86.76666666666667,54.4,161.16666666666669,15.769999999999966,29.929999999999964,9.320567883560006
2019-02-28,0.9,82.5,39.56666666666666,163.8,17.989999999999956,39.82999999999997,9.917084228107836
2019-03-01,0,77.36666666666667,36.1,148.03333333333333,20.38999999999997,41.029999999999966,11.110116917203555
2019-03-02,16.3,100,67.96666666666667,106.53333333333333,4.90999999999995,26.089999999999932,6.2634216177523285
2019-03-03,1.7666666666666666,100,65.6,161.7,-1.9900000000000562,17.8099999999999,5.144953471725127
2019-03-04,0,100,41.733333333333334,181.33333333333334,-6.910000000000036,24.109999999999967,5.517776187067529
2019-03-05,1.5666666666666667,77.7,31.333333333333332,186.6,9.94999999999998,33.349999999999966,8.649486995943688
2019-03-06,18.333333333333332,76.66666666666667,49.56666666666667,136.86666666666667,25.729999999999965,39.109999999999964,8.500357909806734
2019-03-07,3.033333333333333,77.93333333333334,46.46666666666667,171.29999999999998,21.529999999999966,36.47,13.719875924600368
2019-03-08,6.366666666666667,79.23333333333333,44,168.03333333333333,20.029999999999966,36.71,8.724051539012173
2019-03-09,2.6,78.7,50.13333333333333,164.93333333333334,14.449999999999934,27.589999999999968,13.869005010737302
2019-03-10,1.0333333333333332,95.56666666666666,41.833333333333336,161.16666666666666,12.589999999999902,34.60999999999997,6.188857074683849
2019-03-11,2.1,99.46666666666667,34.53333333333333,178.3,11.689999999999902,40.84999999999997,7.60558339298497
2019-03-12,7.199999999999999,82.86666666666666,31.733333333333334,179,22.129999999999967,47.99,6.93450250536865
2019-03-13,25.666666666666668,100,68.8,162.86666666666667,12.769999999999934,30.889999999999933,21.772846575996162
2019-03-14,0.9333333333333333,80.33333333333333,40.36666666666667,179.7,6.949999999999938,24.829999999999895,17.00071581961347
2019-03-15,0.9666666666666667,72.06666666666666,24.333333333333332,212.26666666666668,7.729999999999951,34.249999999999936,7.97840610832737
2019-03-16,0.43333333333333335,70.1,24.033333333333335,209,12.289999999999978,39.289999999999935,5.890598902409929
2019-03-17,0,73.76666666666667,23.53333333333333,215.23333333333332,13.249999999999934,42.229999999999905,4.99582438558817
2019-03-18,0,86.63333333333334,27.533333333333335,209.16666666666669,13.069999999999935,42.529999999999966,6.03972798854689
2019-03-19,0,93.16666666666667,34.46666666666667,198.33333333333331,9.469999999999933,35.86999999999997,7.38188976377953
2019-03-20,0,79.03333333333333,18.2,219.53333333333333,9.949999999999946,46.1299999999999,5.890598902409929
2019-03-21,0,78.93333333333334,25.6,210.36666666666667,15.589999999999932,44.689999999999934,8.500357909806729
2019-03-22,4.266666666666667,76.43333333333334,39.233333333333334,170.63333333333333,22.48999999999993,41.08999999999993,5.5923407301360095
2019-03-23,0.3,68.66666666666667,41.300000000000004,179.6,24.28999999999993,38.81,13.5707468384634
2019-03-24,4.266666666666667,76.23333333333333,34.766666666666666,185.4,20.449999999999932,41.509999999999906,5.4432116439990494
2019-03-25,0,65.16666666666667,33.96666666666667,228.16666666666666,21.109999999999967,39.04999999999997,10.289906943450235
2019-03-26,0,47.166666666666664,16.666666666666664,229.56666666666666,24.769999999999932,51.05,7.3818897637795295
2019-03-27,0,48.9,21.9,227.66666666666669,32.86999999999993,54.76999999999994,7.15819613457409
2019-03-28,0,63.3,24.9,229.4,27.77,53.089999999999996,8.27666428060129
2019-03-29,2.5666666666666664,89.73333333333333,39.733333333333334,225.1,18.049999999999933,40.12999999999997,8.57492245287521
2019-03-30,0.6666666666666666,100,54.8,180.13333333333333,10.429999999999934,29.029999999999966,5.294082557862089
2019-03-31,0.13333333333333333,100,35.333333333333336,224.83333333333334,8.389999999999924,37.36999999999993,3.2062753519446403
2019-04-01,1.3333333333333335,70.66666666666667,31.3,207.1,18.829999999999966,39.53,10.215342400381784
2019-04-02,2.333333333333333,76.86666666666667,46.13333333333333,147.43333333333334,23.809999999999967,38.14999999999997,5.816034359341449
2019-04-03,1.0666666666666667,71.2,35.333333333333336,190.83333333333334,26.089999999999932,44.98999999999997,5.890598902409931
2019-04-04,0,68.46666666666667,33.43333333333334,218,28.369999999999965,47.749999999999936,6.859937962300171
2019-04-05,0.16666666666666666,61.9,24.566666666666666,205.5,28.729999999999965,52.85,5.741469816272969
2019-04-06,0,64.96666666666667,28.2,164.36666666666667,28.1899999999999,50.02999999999997,8.57492245287521
2019-04-07,0,52.46666666666667,20.866666666666667,227.33333333333334,27.949999999999932,50.92999999999997,10.886423287998099
2019-04-08,0,51.766666666666666,22.066666666666666,232.33333333333334,32.50999999999996,54.71,10.960987831066566
2019-04-09,1.1333333333333333,54.5,20.4,229.29999999999998,32.62999999999997,58.37,11.706633261751358
2019-04-10,12.666666666666666,100,49.833333333333336,182.9,12.229999999999935,36.529999999999966,11.110116917203534
2019-04-11,1.2333333333333334,83.96666666666667,45.333333333333336,165.56666666666666,10.789999999999964,26.98999999999993,17.597232164161298
2019-04-12,2.2,92.2,41.13333333333333,206.06666666666666,11.449999999999902,32.27,6.33798616082081
2019-04-13,0.9666666666666667,90.93333333333334,36.266666666666666,183.76666666666668,13.009999999999934,36.59,5.5923407301360095
2019-04-14,0.4666666666666667,66.73333333333333,31.733333333333334,226.5,24.109999999999896,43.36999999999997,14.390956812216666
2019-04-15,0.13333333333333333,66.43333333333334,24.966666666666665,235.29999999999998,28.069999999999933,53.93,11.2592460033405
2019-04-16,0,71.43333333333334,27.5,227.86666666666667,27.769999999999968,53.15,8.9477451682176
2019-04-17,0.3333333333333333,70.63333333333333,34.7,234.96666666666667,29.87,49.24999999999997,9.02230971128609
2019-04-18,0,66.6,31.233333333333334,217.7,27.889999999999933,48.11,13.496182295394867
2019-04-19,0,60.9,20.8,252.46666666666667,31.249999999999968,59.33,8.276664280601292
2019-04-20,0,40.333333333333336,13.733333333333333,239.36666666666667,36.16999999999994,62.80999999999997,7.75471247912193
2019-04-21,4.233333333333333,70.56666666666668,29.766666666666666,216.96666666666667,30.35,53.63,6.56167979002625
2019-04-22,1.5333333333333332,97.63333333333334,55.4,228.2,25.07,41.62999999999997,3.8027916964924837
2019-04-23,0.5333333333333333,89.60000000000001,28.6,249.43333333333334,24.41,54.71,4.250178954903367
2019-04-24,0.09999999999999999,69.5,27.666666666666668,245.56666666666666,31.54999999999997,56.330000000000005,7.30732522071105
2019-04-25,0,88.36666666666666,34.43333333333333,257.7,27.709999999999965,53.32999999999997,6.18885707468385
2019-04-26,7.666666666666667,72.06666666666666,23,252.9,29.809999999999967,60.169999999999966,12.079455977093769
2019-04-27,1.7333333333333334,69.56666666666666,30.633333333333333,257.5333333333333,32.029999999999966,54.289999999999935,9.618826055833928
2019-04-28,4.033333333333333,87,28.233333333333334,233.3,23.509999999999966,53.209999999999965,13.943569553805801
2019-04-29,21.900000000000002,97.03333333333333,66.7,195.76666666666665,19.069999999999965,30.649999999999935,9.395132426628502
2019-04-30,9.333333333333332,95.83333333333333,51.7,206.43333333333334,21.46999999999993,40.66999999999994,9.46969696969696
2019-05-01,3.2333333333333334,87.4,48.96666666666667,232.36666666666667,20.209999999999965,36.77,5.89059890240993
2019-05-02,0,72.2,30.066666666666666,236.63333333333333,20.81,44.32999999999997,7.307325220711049
2019-05-03,0,54.733333333333334,21.566666666666666,296.76666666666665,25.969999999999967,50.569999999999936,9.395132426628507
2019-05-04,0,56.1,20.266666666666666,292.73333333333335,27.16999999999993,54.11,8.50035790980673
2019-05-05,0,50.666666666666664,19.533333333333335,293.4,30.889999999999933,56.44999999999997,9.395132426628487
2019-05-06,0.8,70.66666666666667,25.333333333333332,277.03333333333336,30.169999999999934,58.30999999999997,6.11429253161537
2019-05-07,1.7666666666666668,81.6,45.3,238.9,30.529999999999934,48.11,9.022309711286093
2019-05-08,10.966666666666667,96.03333333333333,54.6,185.66666666666666,21.17,37.84999999999994,10.439036029587243
2019-05-09,5.7,84.23333333333333,59.03333333333333,162.16666666666666,19.310000000000002,30.46999999999993,9.24600334049153
2019-05-10,1.9666666666666666,81.6,36.53333333333334,261.6,20.209999999999965,42.10999999999991,4.473872584108807
2019-05-11,0.26666666666666666,76.86666666666667,30.066666666666666,248.73333333333332,23.38999999999997,48.64999999999997,9.917084228107836
2019-05-12,0,65.76666666666667,23.2,302.5333333333333,30.110000000000003,58.37,10.215342400381758
2019-05-13,0,56.13333333333333,20.400000000000002,299.33333333333337,34.609999999999935,62.32999999999997,9.395132426628493
2019-05-14,0,53.46666666666667,18.466666666666665,297.73333333333335,34.79,63.59,7.754712479121931
2019-05-15,0,50,16.666666666666668,300.73333333333335,35.749999999999936,65.39,7.97840610832737
2019-05-16,0.8666666666666667,57.36666666666667,21.9,280.4666666666667,36.769999999999996,63.52999999999997,8.276664280601288
2019-05-17,3.1666666666666665,66.56666666666666,29.5,265.5,29.749999999999968,52.36999999999997,9.693390598902413
2019-05-18,0.3,57.03333333333333,27.8,274.6333333333333,27.649999999999967,47.44999999999997,10.28990694345025
2019-05-19,5.1,77.73333333333333,45.1,251.4,27.34999999999993,43.55,9.76795514197088
2019-05-20,9.9,92.66666666666667,62.733333333333334,222.23333333333332,24.11,36.76999999999994,7.903841565258889
2019-05-21,7.033333333333333,82.4,47.7,180.33333333333334,22.909999999999968,38.80999999999997,7.978406108327369
2019-05-22,4.466666666666667,74.83333333333333,48.93333333333333,153.6,25.84999999999993,39.04999999999993,4.250178954903367
2019-05-23,2.6,76.03333333333333,50.666666666666664,183.5,27.469999999999967,40.48999999999994,13.197924123120968
2019-05-24,0.9,60.06666666666666,26.46666666666667,300.6333333333333,29.089999999999932,51.53,15.50942495824387
2019-05-25,0.43333333333333335,70.36666666666666,24.566666666666666,314.1333333333333,29.329999999999966,58.06999999999997,9.544261512765441
2019-05-26,0.8666666666666666,73.86666666666666,25.833333333333332,289.4666666666667,31.72999999999997,60.82999999999997,8.724051539012171
2019-05-27,8.3,72.43333333333334,34.666666666666664,273.7,30.769999999999932,51.76999999999994,8.27666428060129
2019-05-28,3.4,79.9,47.43333333333334,260.6,28.36999999999993,43.90999999999997,6.33798616082081
2019-05-29,1.2,80.16666666666667,40.46666666666667,222.4,26.929999999999968,46.37,8.50035790980673
2019-05-30,0,79.3,29.233333333333334,282,26.809999999999896,54.05,3.579098067287043
2019-05-31,0,72.56666666666666,23.966666666666665,303.6333333333333,30.949999999999967,61.36999999999997,5.368647100930571
2019-06-01,0.8333333333333334,80.26666666666667,25.733333333333334,281.3,32.57,64.25,4.772130756382726
2019-06-02,0.8,75.03333333333333,23.53333333333333,280.1666666666667,34.78999999999991,67.18999999999998,6.188857074683851
2019-06-03,0.6666666666666666,66.8,22.4,284.3333333333333,35.569999999999936,65.93,5.14495347172513
2019-06-04,0,64.03333333333333,20.8,295.0333333333333,34.85,65.80999999999997,6.114292531615369
2019-06-05,3.2333333333333334,80.13333333333333,28.5,270.26666666666665,35.38999999999994,64.67,4.548437127177287
2019-06-06,1.3333333333333335,78.2,25.6,289.5,37.00999999999997,68.51,5.070388928656651
2019-06-07,1.1,67,21.966666666666665,279.46666666666664,38.14999999999997,69.47,8.87318062514913
2019-06-08,0.6666666666666666,76.93333333333334,22.53333333333333,299.6,33.82999999999997,67.91,8.57492245287521
2019-06-09,0,73.3,29.233333333333334,295.7,27.529999999999966,52.85,4.548437127177291
2019-06-10,0,67.89999999999999,16.566666666666666,306.8333333333333,28.129999999999896,65.62999999999997,8.276664280601288
2019-06-11,0,54.36666666666667,20.7,301,35.92999999999997,62.45,9.022309711286105
2019-06-12,0,75.76666666666667,28.433333333333334,301.9,35.44999999999994,63.17,4.2501789549033635
2019-06-13,0,62.93333333333333,20.46666666666667,293.8,38.44999999999994,69.76999999999997,8.05297065139585
2019-06-14,0.6,54.5,23.03333333333333,284.76666666666665,41.75,66.05,10.215342400381765
2019-06-15,1.6333333333333333,71.43333333333334,29.866666666666667,273.6333333333333,37.07,61.97,5.89059890240993
2019-06-16,2.6,72.76666666666667,30.266666666666666,272.6666666666667,38.50999999999997,63.77,5.5923407301360095
2019-06-17,4.4,78.36666666666667,39.266666666666666,249.79999999999998,39.16999999999994,59.74999999999997,3.5045335242185636
2019-06-18,3.1333333333333333,73.96666666666667,42.766666666666666,218.93333333333334,39.76999999999997,56.45,5.5923407301360095
2019-06-19,1.2333333333333334,62.96666666666666,27.5,289.56666666666666,40.48999999999997,64.24999999999997,13.123359580052533
2019-06-20,2.8333333333333335,62.266666666666666,23,282.8666666666667,40.18999999999994,68.38999999999997,9.618826055833942
2019-06-21,14.1,94.60000000000001,57.7,209.46666666666667,32.74999999999997,48.04999999999993,4.697566213314246
2019-06-22,7.866666666666666,87.8,44.56666666666666,222.26666666666668,31.13,50.929999999999936,4.548437127177286
2019-06-23,4.3,66.66666666666666,38.13333333333333,224.3,31.609999999999967,47.98999999999997,11.259246003340534
2019-06-24,1.9666666666666666,58.43333333333334,22.866666666666667,293.8,35.68999999999997,61.67,12.1540205201623
2019-06-25,0,58.2,18.766666666666666,297.5333333333333,37.069999999999936,68.21,9.469696969696967
2019-06-26,0,48.8,14.533333333333333,286.40000000000003,39.529999999999966,72.35,8.35122882366977
2019-06-27,0,51.833333333333336,15.6,289.93333333333334,41.029999999999966,74.089999999999975,8.72405153901217
2019-06-28,0,45.56666666666667,15.133333333333333,304.73333333333335,44.62999999999997,75.05,7.30732522071105
2019-06-29,0,50.766666666666666,17.666666666666668,295.7,45.82999999999997,75.71,7.30732522071105
2019-06-30,3.6333333333333333,59.86666666666667,22.53333333333333,260.2,46.069999999999936,74.14999999999999,5.070388928656646
2019-07-01,2.833333333333333,84.46666666666667,32.43333333333334,265.26666666666665,43.069999999999936,70.60999999999997,4.772130756382731
2019-07-02,1.1333333333333333,75.03333333333333,28.2,290.90000000000003,42.77,70.48999999999997,5.36864710093057
2019-07-03,0,64.66666666666667,21.3,298.1333333333333,43.849999999999966,74.57000000000001,7.009067048437131
2019-07-04,0,64.5,22.8,297.4,42.70999999999997,71.56999999999996,6.4125507038892895
2019-07-05,0,83.16666666666667,27.866666666666667,297.8333333333333,41.329999999999906,72.22999999999998,5.816034359341449
2019-07-06,0.16666666666666666,89.03333333333333,33.66666666666667,294.6333333333333,41.26999999999993,69.22999999999999,7.82927702219041
2019-07-07,0.26666666666666666,65,22.46666666666667,285.56666666666666,41.98999999999994,71.33,4.697566213314246
2019-07-08,0.19999999999999998,71.76666666666667,30.233333333333334,262.8,41.9299999999999,66.53,6.4125507038892895
2019-07-09,0,58.96666666666667,18.166666666666668,298.6,38.9299999999999,70.37,11.855762347888335
2019-07-10,0,69.06666666666666,21.033333333333335,296.6333333333333,40.36999999999997,72.94999999999992,5.144953471725129
2019-07-11,3.5,59.166666666666664,16.866666666666667,293.56666666666666,45.28999999999997,79.55,5.66690527320449
2019-07-12,1.3333333333333333,53.266666666666666,18.433333333333334,286.4,45.94999999999993,74.93,4.026485325697924
2019-07-13,2.2,60.43333333333334,20.166666666666668,264.9666666666667,46.90999999999994,77.39,4.99582438558817
2019-07-14,0.5666666666666667,61.43333333333334,24.233333333333334,264.6666666666667,48.349999999999966,74.68999999999994,4.9212598425196905
2019-07-15,7.6000000000000005,75.83333333333333,26.933333333333334,262.90000000000003,44.86999999999994,74.38999999999997,5.07038892865665
2019-07-16,1.2333333333333334,70.06666666666666,23,275.7,44.68999999999997,75.94999999999997,8.202099737532809
2019-07-17,0,52.333333333333336,16.900000000000002,291.8666666666667,46.429999999999936,77.14999999999999,10.96098783106659
2019-07-18,0,43.36666666666667,13.033333333333333,291.9,46.97,78.46999999999997,10.811858744929621
2019-07-19,0,37.93333333333333,12.233333333333333,290.96666666666664,51.650000000000006,80.86999999999996,8.20209973753281
2019-07-20,8.766666666666666,72.16666666666667,21.866666666666667,254.3,43.84999999999994,77.21000000000001,6.48711524695777
2019-07-21,2.933333333333333,87.03333333333333,31.833333333333336,269.23333333333335,42.89,71.87,6.263421617752329
2019-07-22,1.8333333333333333,97.66666666666667,39.93333333333333,264.06666666666666,43.249999999999936,69.77,6.337986160820809
2019-07-23,2.4333333333333336,79.93333333333334,27.4,271.46666666666664,43.669999999999966,74.15,3.951920782629443
2019-07-24,2.9,68.36666666666666,22.133333333333333,258.46666666666664,45.82999999999996,77.50999999999998,4.697566213314246
2019-07-25,2.5666666666666664,69.83333333333333,30.7,251.6,48.169999999999966,72.05,6.263421617752329
2019-07-26,0.7333333333333333,60.6,23.9,266.1666666666667,47.68999999999997,73.91000000000001,3.951920782629444
2019-07-27,6.233333333333333,71.8,31.566666666666666,235.36666666666667,46.60999999999997,70.37,5.4432116439990494
2019-07-28,0,75.26666666666667,27.1,279.43333333333334,43.249999999999936,72.17,9.469696969696969
2019-07-29,0,61.06666666666666,16.933333333333334,283.6,42.17,76.72999999999998,5.294082557862091
2019-07-30,0.6333333333333333,54.766666666666666,18.166666666666668,264.56666666666666,46.97,77.089999999999975,9.246003340491532
2019-07-31,0.7999999999999999,57.56666666666667,22.466666666666665,259.9666666666667,48.10999999999997,74.38999999999993,5.44321164399905
2019-08-01,3.8333333333333335,83.46666666666667,42.96666666666667,210.1,46.85,66.64999999999998,5.5923407301360095
2019-08-02,1.5333333333333332,88.33333333333333,35.46666666666667,256.1333333333333,45.95,72.40999999999997,6.114292531615369
2019-08-03,0.9,70.83333333333333,22.466666666666665,269.7,45.169999999999966,77.02999999999997,3.951920782629444
2019-08-04,1.2333333333333334,65.3,25.633333333333333,229.83333333333334,48.53,74.87,6.26342161775233
2019-08-05,2.533333333333333,83.56666666666666,31.933333333333334,253.76666666666668,45.3499999999999,72.89,6.78537341923169
2019-08-06,0,66.7,22,265.93333333333334,46.36999999999997,77.09,7.083631591505609
2019-08-07,1.7333333333333334,64.5,23.433333333333334,248,46.789999999999935,74.86999999999999,5.5923407301360095
2019-08-08,3.7,85.43333333333334,43,219.43333333333334,47.44999999999997,67.90999999999997,4.772130756382726
2019-08-09,1.9666666666666666,72.2,28,256.06666666666666,47.57,74.44999999999997,7.829277022190409
2019-08-10,0.7999999999999999,68.39999999999999,32.3,216.66666666666666,47.02999999999997,68.62999999999997,5.294082557862086
2019-08-11,5.566666666666666,75.63333333333334,43.4,191.03333333333333,46.72999999999997,63.409999999999975,5.07038892865665
2019-08-12,0,72.13333333333333,24.966666666666665,242.63333333333333,42.23,71.51,7.531018849916489
2019-08-13,0,61.03333333333333,18.866666666666667,261.56666666666666,41.6299999999999,73.00999999999999,6.263421617752329
2019-08-14,0,64.26666666666667,19.833333333333332,259.1666666666667,41.9899999999999,73.66999999999997,7.978406108327371
2019-08-15,0,52.8,16.8,258.8,44.08999999999997,74.33,10.513600572655683
2019-08-16,0.8,53.46666666666667,17.066666666666666,255.63333333333335,44.50999999999997,74.87,9.246003340491534
2019-08-17,1.3333333333333333,55.86666666666667,20.4,234.4,42.65,69.71,11.706633261751367
2019-08-18,0.16666666666666666,54.53333333333333,15.4,255.56666666666666,42.46999999999997,75.59,11.110116917203543
2019-08-19,0,45,12.433333333333334,248.13333333333333,45.59,78.41000000000001,7.680147936053449
2019-08-20,0,55.7,17.9,249.4,46.97,77.69,5.890598902409926
2019-08-21,0.6333333333333333,89.7,34.233333333333334,245.43333333333334,43.729999999999905,71.57000000000001,6.03972798854689
2019-08-22,0.13333333333333333,64.83333333333333,18.733333333333334,243.96666666666667,41.86999999999993,75.28999999999999,8.12753519446433
2019-08-23,0,55.06666666666667,19,197.53333333333333,42.7099999999999,71.09,5.965163445478407
2019-08-24,0,66.86666666666666,20.733333333333334,245,39.76999999999997,71.27,10.06621331424483
2019-08-25,0,47.699999999999996,17.233333333333334,243.76666666666665,48.52999999999997,75.59,14.018134096874268
2019-08-26,0,82.96666666666667,27.866666666666667,244.33333333333331,38.509999999999906,68.62999999999997,6.33798616082081
2019-08-27,0,84.63333333333334,28,245.46666666666667,35.569999999999936,66.04999999999997,4.548437127177287
2019-08-28,0,50.8,12.133333333333333,246.2,38.80999999999997,74.98999999999998,8.05297065139585
2019-08-29,0,45,13.366666666666667,236.26666666666668,43.91,74.92999999999998,8.57492245287521
2019-08-30,0,61.8,20.5,235.86666666666667,43.66999999999994,73.60999999999997,6.71080887616321
2019-08-31,0,69,22.9,227.16666666666666,43.90999999999997,74.33,6.263421617752329
2019-09-01,0,49.766666666666666,15.066666666666666,241.7,46.73,79.06999999999996,6.71080887616321
2019-09-02,0,38.333333333333336,10.5,242.83333333333334,47.50999999999997,80.92999999999998,7.232760677642571
2019-09-03,0.19999999999999998,49.2,16.8,231.73333333333335,44.99,74.15,7.307325220711049
2019-09-04,0,57.56666666666667,18.233333333333334,203.23333333333332,45.52999999999997,77.32999999999997,8.127535194464329
2019-09-05,2.166666666666667,54.13333333333333,17.4,214.56666666666666,47.74999999999991,79.13000000000001,6.03972798854689
2019-09-06,10.333333333333332,74.63333333333334,29.666666666666668,213.93333333333334,45.469999999999935,72.16999999999997,8.798616082080645
2019-09-07,0,79.03333333333333,28.266666666666666,226.83333333333334,40.31,69.41000000000001,8.64948699594369
2019-09-08,14.233333333333333,95.76666666666667,35.96666666666667,202.36666666666667,38.27,66.47,9.022309711286105
2019-09-09,0.3333333333333333,70.73333333333333,29.3,229.56666666666666,39.53,64.36999999999998,9.544261512765447
2019-09-10,0,78.3,27.9,215.66666666666666,38.50999999999997,67.43,8.574922452875226
2019-09-11,0,66.76666666666667,28.3,221.13333333333333,38.80999999999997,62.80999999999994,10.737294201861157
2019-09-12,0,65.96666666666667,27.8,226.36666666666665,32.81,56.45,11.632068718682902
2019-09-13,0.16666666666666666,67.33333333333333,17,224.7,30.829999999999966,66.94999999999997,6.56167979002625
2019-09-14,0,41.6,12.9,223.63333333333333,39.34999999999994,69.22999999999995,8.35122882366977
2019-09-15,0,46.6,12.233333333333334,219.6,38.98999999999994,73.49,6.33798616082081
2019-09-16,0,48.06666666666667,19.900000000000002,204.26666666666668,45.82999999999997,69.83,5.144953471725127
2019-09-17,0,57.03333333333333,23.3,210.3,41.74999999999991,66.53,12.303149606299232
2019-09-18,0,67.76666666666667,24.4,211.16666666666666,37.91,66.04999999999997,8.649486995943692
2019-09-19,0,64.43333333333334,21.9,208.4,38.86999999999993,68.44999999999997,8.20209973753281
2019-09-20,0,49.46666666666667,15.9,208.93333333333334,38.329999999999906,68.09,12.7505368647101
2019-09-21,0,58.2,18.900000000000002,200.43333333333334,29.869999999999933,59.209999999999965,7.90384156525889
2019-09-22,0,66.43333333333334,19.733333333333334,208.4,28.72999999999997,60.53,9.54426151276546
2019-09-23,0,43.06666666666667,13.9,188.29999999999998,36.11,64.78999999999999,4.995824385588166
2019-09-24,0,40.666666666666664,14.633333333333333,204.13333333333333,39.94999999999994,65.98999999999998,11.035552374135065
2019-09-25,0,62.733333333333334,18.233333333333334,199.29999999999998,35.38999999999994,68.38999999999994,7.2327606776425695
2019-09-26,0,51.2,18.366666666666667,199.03333333333333,42.22999999999993,69.64999999999998,11.408375089477463
2019-09-27,4.8999999999999995,65.7,28.933333333333334,190.56666666666666,38.749999999999936,61.79,7.829277022190411
2019-09-28,0,76.03333333333333,33.03333333333333,191.9,36.76999999999994,60.53,13.421617752326434
2019-09-29,0,55.03333333333333,17.366666666666667,193.4,37.36999999999993,68.15,16.926151276544964
2019-09-30,0.09999999999999999,59.03333333333333,22.033333333333335,194.46666666666667,34.67,61.24999999999997,13.048795036984034
2019-10-01,0.3,88.5,38.766666666666666,194.56666666666666,32.929999999999936,55.609999999999964,8.873180625149129
2019-10-02,0,61.333333333333336,20.633333333333333,200.5,27.649999999999967,53.62999999999997,12.377714149367701
2019-10-03,0,64.2,18.2,199.2,27.64999999999993,58.07,7.45645430684801
2019-10-04,0,59.56666666666666,14.666666666666666,190.46666666666667,30.889999999999933,63.95,15.733118587449297
2019-10-05,0,42.699999999999996,14.466666666666667,193.83333333333334,29.269999999999968,52.24999999999997,11.706633261751367
2019-10-06,0,45.53333333333333,15.5,194.4,26.629999999999967,50.26999999999997,7.456454306848008
2019-10-07,0,20.766666666666666,2.4,193.36666666666667,30.829999999999966,61.370000000000005,8.35122882366977
2019-10-08,0,29.633333333333333,7.366666666666667,186.06666666666666,35.2099999999999,61.730000000000004,9.618826055833944
2019-10-09,7.1000000000000005,71.4,11.433333333333334,180.9,20.269999999999932,62.39,9.469696969696965
2019-10-10,5.533333333333333,93.43333333333334,55.63333333333333,112.60000000000001,10.54999999999994,24.409999999999968,8.94774516821761
2019-10-11,0,68.23333333333333,22.166666666666668,186.56666666666666,11.14999999999992,36.04999999999993,13.570746838463368
2019-10-12,0.16666666666666666,44.6,12.799999999999999,183.3,22.789999999999967,48.95,10.811858744929634
2019-10-13,0,36.233333333333334,9.333333333333334,182.3,27.04999999999993,54.109999999999964,8.42579336673825
2019-10-14,0,37.333333333333336,11.833333333333334,176.73333333333335,30.89,55.00999999999997,11.408375089477467
2019-10-15,0,46.6,14.6,174.03333333333333,27.95,53.75,8.276664280601286
2019-10-16,0,35.86666666666667,12.7,171.83333333333334,38.2099999999999,59.74999999999997,9.17143879742305
2019-10-17,0.09999999999999999,30.166666666666668,8.733333333333333,168.96666666666667,36.709999999999965,60.65,9.618826055833933
2019-10-18,0.16666666666666666,61.666666666666664,30.1,133.93333333333334,28.25,45.58999999999994,12.974230493915565
2019-10-19,1.8,59.33333333333333,24.8,164.8,23.389999999999965,43.72999999999997,10.662729658792632
2019-10-20,6.2,69.89999999999999,50.699999999999996,131.76666666666665,19.85,28.369999999999965,21.4000238606538
2019-10-21,3.1999999999999997,72.7,44.8,120.7,19.309999999999967,31.490000000000002,15.882247673586267
2019-10-22,6.9,74,43.06666666666666,148.16666666666666,25.489999999999934,39.229999999999905,18.864829396325465
2019-10-23,8.5,96,49.53333333333333,138.43333333333334,16.54999999999997,33.95,13.645311381531869
2019-10-24,0.26666666666666666,97.33333333333333,37.53333333333333,155,9.169999999999925,33.10999999999997,6.114292531615369
2019-10-25,0.2333333333333333,81.23333333333333,25.6,145.93333333333334,19.609999999999932,49.30999999999994,8.20209973753281
2019-10-26,0.7000000000000001,91.83333333333333,23,153.1,17.02999999999997,50.569999999999936,9.24600334049153
2019-10-27,8.4,99.8,59.63333333333333,96.56666666666666,5.869999999999927,20.38999999999997,6.48711524695777
2019-10-28,5.2,89.36666666666667,42.5,137.33333333333334,4.549999999999937,22.309999999999967,6.18885707468385
2019-10-29,9.9,100,58.46666666666667,120.03333333333333,-8.530000000000067,11.1499999999999,8.27666428060129
2019-10-30,1.3666666666666667,98.9,32.4,137.43333333333334,-9.070000000000064,16.849999999999934,9.09687425435457
2019-10-31,0,73.1,22.599999999999998,146.76666666666665,9.769999999999948,35.569999999999965,11.184681460272
2019-11-01,0,78.86666666666666,33.13333333333333,135.76666666666665,11.02999999999995,31.549999999999965,9.767955141970894
2019-11-02,0.4666666666666666,52.9,16.766666666666666,143.83333333333334,19.249999999999943,43.78999999999997,10.439036029587234
2019-11-03,0.8,51.2,24.133333333333333,135.96666666666667,26.929999999999968,44.08999999999997,11.557504175614433
2019-11-04,0,59.93333333333334,33.5,128.16666666666666,28.069999999999933,41.929999999999964,9.767955141970885
2019-11-05,0,61.833333333333336,27.9,137.8,27.470000000000002,46.30999999999997,8.50035790980673
2019-11-06,0,76.26666666666667,21,139.1,16.729999999999965,47.81,6.487115246957769
2019-11-07,0,79.6,22.766666666666666,138.53333333333333,15.349999999999936,45.469999999999935,6.1142925316153685
2019-11-08,0,47.2,20.4,133.9,30.409999999999968,48.46999999999997,10.8118587449296
2019-11-09,0,48.13333333333333,17.133333333333333,133.36666666666667,31.72999999999997,55.19,8.42579336673825
2019-11-10,1.2666666666666666,93.43333333333334,23.3,129.9,14.56999999999998,50.38999999999994,8.202099737532809
2019-11-11,0.13333333333333333,100,43.266666666666666,123.93333333333332,6.2899999999999565,32.99,6.33798616082081
2019-11-12,0,56.233333333333334,16.233333333333334,129.5,18.10999999999998,44.92999999999997,9.767955141970887
2019-11-13,0,67.2,29,125.3,22.25,42.76999999999997,9.991648771176326
2019-11-14,0,87.96666666666667,31.2,125.63333333333334,17.86999999999997,43.48999999999997,5.965163445478409
2019-11-15,0,51.266666666666666,20.366666666666667,120.33333333333333,30.769999999999964,51.65,8.425793366738247
2019-11-16,0.6333333333333333,76.96666666666667,33.86666666666667,103.76666666666667,23.209999999999933,43.969999999999935,11.333810546409
2019-11-17,0,75.76666666666667,37.46666666666667,117.93333333333334,25.309999999999967,42.709999999999965,12.004891434025298
2019-11-18,0,64.9,33.43333333333334,119.13333333333334,30.95,47.269999999999996,11.184681460272033
2019-11-19,0,59.833333333333336,22.9,116.7,30.049999999999933,53.08999999999997,7.754712479121929
2019-11-20,6.3,99.76666666666667,43.03333333333333,90.7,20.209999999999965,43.60999999999997,5.36864710093057
2019-11-21,2.9333333333333336,98.5,69.4,88.33333333333333,17.50999999999993,27.529999999999966,3.7282271534240032
2019-11-22,0.3666666666666667,92.23333333333333,45.766666666666666,111.53333333333333,14.389999999999967,33.29,8.64948699594369
2019-11-23,0.19999999999999998,63.666666666666664,21,116.73333333333333,17.75,42.47,9.842519685039374
2019-11-24,0,41.7,36.36666666666667,113.96666666666667,29.869999999999933,32.08999999999993,13.645311381531865
2019-11-25,20.233333333333334,100,49.93333333333334,100.16666666666667,10.669999999999902,32.50999999999997,12.37771414936767
2019-11-26,5.4,100,64.4,100.9,-0.7900000000000366,15.949999999999966,13.5707468384634
2019-11-27,0.5666666666666667,100,32.233333333333334,103.53333333333333,-2.590000000000052,27.469999999999967,9.395132426628484
2019-11-28,0,94.16666666666667,33.7,104.46666666666667,15.169999999999966,42.34999999999994,7.232760677642571
2019-11-29,4.533333333333333,100,41.833333333333336,93.96666666666667,13.0699999999999,40.85,11.706633261751364
2019-11-30,2.3666666666666667,80.43333333333334,56.46666666666666,91.23333333333333,9.529999999999912,18.529999999999966,25.277380100214764
2019-12-01,0,52.96666666666667,24.166666666666668,107.4,13.369999999999994,33.709999999999965,10.51360057265569
2019-12-02,0.9333333333333333,54.333333333333336,32.3,101.1,24.769999999999932,39.410000000000004,11.482939632545968
2019-12-03,1.3333333333333335,63.06666666666667,43.5,103.26666666666667,23.329999999999966,34.189999999999934,15.882247673586267
2019-12-04,0.9666666666666667,55.733333333333334,34.03333333333333,100.63333333333334,23.689999999999934,37.18999999999994,7.60558339298497
2019-12-05,6.266666666666667,86.1,61.03333333333333,80.73333333333333,20.749999999999932,31.789999999999967,4.324743497971847
2019-12-06,0,59.53333333333333,40.3,100.73333333333333,23.329999999999966,34.90999999999997,8.27666428060129
2019-12-07,1,51.7,33.66666666666667,98.56666666666668,27.409999999999965,39.40999999999997,11.184681460272033
2019-12-08,4.9,81.13333333333334,50.53333333333333,86.76666666666667,21.289999999999967,35.63,9.84251968503936
2019-12-09,0.8666666666666666,70.6,54.266666666666666,79.73333333333333,16.129999999999967,24.769999999999932,10.513600572655696
2019-12-10,0.3666666666666667,55.33333333333333,38.13333333333333,98.86666666666666,16.66999999999993,27.16999999999993,12.303149606299232
2019-12-11,0,51.2,26.433333333333334,98.2,19.069999999999933,36.409999999999904,10.737294201861133
2019-12-12,4.3,62.666666666666664,52.53333333333333,85.9,23.269999999999968,29.989999999999934,12.228585063230733
2019-12-13,5.966666666666667,72.5,55.233333333333334,79.33333333333333,16.25,25.25,15.733118587449301
2019-12-14,10.533333333333333,100,63.266666666666666,82.6,9.589999999999955,25.07,6.26342161775233
2019-12-15,0,96.83333333333333,44.56666666666666,96.23333333333333,-0.7300000000000567,19.37,4.84669529945121
2019-12-16,0,77.3,39.03333333333333,97.39999999999999,-3.1300000000000594,14.329999999999966,7.90384156525889
2019-12-17,0,69.1,29.566666666666666,95.4,4.489999999999908,25.48999999999993,10.960987831066568
2019-12-18,0,51.13333333333333,18.46666666666667,100.06666666666668,12.109999999999953,38.08999999999994,7.75471247912193
2019-12-19,0,47.03333333333333,24.333333333333332,96.5,13.12999999999995,30.049999999999898,9.91708422810787
2019-12-20,0,63.93333333333334,28.7,97.9,14.389999999999933,35.20999999999994,9.767955141970894
2019-12-21,0,35.5,16.5,98.23333333333333,24.41,42.94999999999997,8.425793366738251
2019-12-22,0,28.933333333333334,12.799999999999999,96.93333333333334,26.80999999999993,47.92999999999997,8.873180625149132
2019-12-23,0,36.233333333333334,15,97.16666666666667,25.309999999999967,48.82999999999997,7.23276067764257
2019-12-24,0,60.3,30.333333333333332,89.3,22.009999999999966,41.26999999999994,6.4125507038892895
2019-12-25,0,84.23333333333333,49.03333333333334,84.13333333333334,16.549999999999933,32.269999999999996,8.05297065139585
2019-12-26,0,99.86666666666666,44.833333333333336,97.6,5.62999999999994,27.16999999999993,6.71080887616321
2019-12-27,2.333333333333333,100,43.833333333333336,81.93333333333334,6.649999999999934,31.609999999999935,6.4125507038892895
2019-12-28,3.533333333333333,97.8,65.36666666666666,86.4,5.0899999999999235,18.46999999999993,13.7944404676688
2019-12-29,0,75.56666666666666,51.3,97.8,1.7299999999999403,12.35,15.583989501312331
2019-12-30,0,73.7,35.833333333333336,99.06666666666666,2.629999999999941,20.989999999999966,8.72405153901217
2019-12-31,0.5,84.4,39.83333333333333,90.1,4.969999999999927,26.629999999999963,9.02230971128609
2020-01-01,0.6,100,99.66666666666667,81.1,-14.530000000000067,15.109999999999934,18.04461942257217
2020-01-02,0,100,46,92.26666666666667,-3.130000000000073,29.449999999999967,10.960987831066566
2020-01-03,0.43333333333333335,73.1,32.7,86.7,16.24999999999995,37.07,13.4961822953949
2020-01-04,0.16666666666666666,63.13333333333333,31.53333333333333,95.93333333333332,23.27,41.50999999999997,12.154020520162268
2020-01-05,0,46.2,25.96666666666667,84.53333333333333,26.389999999999933,41.81,11.63206871868289
2020-01-06,1.3333333333333333,52.766666666666666,32.4,88.9,18.8299999999999,32.029999999999966,21.176330231448333
2020-01-07,0,74.26666666666667,58.8,97.93333333333334,17.33,25.249999999999968,15.211166785969933
2020-01-08,0.16666666666666666,74.96666666666667,37.63333333333333,96.93333333333334,14.4499999999999,33.11,11.632068718682902
2020-01-09,0.6333333333333333,66.86666666666667,27.166666666666668,85.66666666666667,16.549999999999933,40.24999999999997,7.307325220711051
2020-01-10,0,40.13333333333333,20.03333333333333,93,22.249999999999932,40.12999999999997,7.00906704843713
2020-01-11,1.2666666666666666,60.1,41.800000000000004,93.23333333333333,15.769999999999968,26.14999999999993,9.09687425435457
2020-01-12,1.9,97.26666666666667,38.9,97.5,2.629999999999943,27.289999999999967,8.947745168217612
2020-01-13,3,98.86666666666666,36.86666666666667,73,0.469999999999961,27.409999999999968,11.557504175614431
2020-01-14,2.033333333333333,93.6,34.93333333333334,100.13333333333333,5.209999999999951,32.690000000000005,14.689214984490565
2020-01-15,0,55.733333333333334,26.2,106.06666666666666,16.249999999999943,35.38999999999994,9.469696969696974
2020-01-16,1.6,50.5,38.333333333333336,99.56666666666666,22.96999999999993,31.189999999999966,8.20209973753281
2020-01-17,3.9,57.800000000000004,35.53333333333333,98.03333333333333,22.729999999999965,36.289999999999935,16.478764018134132
2020-01-18,1.6333333333333333,52.733333333333334,38.833333333333336,98.76666666666667,16.7899999999999,25.66999999999993,10.140777857313294
2020-01-19,0.19999999999999998,66.86666666666666,41.300000000000004,107.26666666666667,14.869999999999962,28.069999999999933,7.754712479121929
2020-01-20,0.7333333333333334,33.46666666666667,20.2,110.86666666666666,23.689999999999966,36.34999999999994,7.15819613457409
2020-01-21,1.2333333333333334,100,51.266666666666666,91.76666666666667,11.149999999999933,35.80999999999997,6.188857074683851
2020-01-22,0.7666666666666667,100,94.5,99.43333333333334,5.809999999999935,16.54999999999997,14.912908613696
2020-01-23,1.7666666666666668,96.16666666666667,73.4,85.93333333333334,6.349999999999919,20.209999999999965,11.110116917203534
2020-01-24,1.1333333333333333,100,90.60000000000001,106.46666666666667,7.489999999999964,18.709999999999933,9.17143879742305
2020-01-25,0.23333333333333334,98.26666666666667,76.33333333333333,110,11.02999999999994,22.79,10.662729658792657
2020-01-26,0.3,84.6,66.36666666666666,113.56666666666666,15.829999999999933,24.589999999999968,9.767955141970887
2020-01-27,0.4666666666666667,91.7,56.83333333333333,96,17.39,31.969999999999935,7.456454306848011
2020-01-28,0.5333333333333333,94.76666666666667,65.26666666666667,116.46666666666667,4.909999999999931,19.489999999999966,9.46969696969697
2020-01-29,0.5,96.86666666666666,69.53333333333333,103.86666666666666,7.189999999999928,22.969999999999967,4.623001670245767
2020-01-30,1.8666666666666667,77.6,44,100.96666666666667,13.249999999999941,30.169999999999934,11.557504175614401
2020-01-31,0.8333333333333334,67.66666666666666,31.966666666666665,113.86666666666666,17.38999999999998,36.349999999999966,13.347053209257934
2020-02-01,0,70.7,29.066666666666666,125.06666666666666,20.209999999999965,43.309999999999995,13.048795036984
2020-02-02,0.3,47.266666666666666,25.8,130.46666666666667,23.989999999999966,39.64999999999997,11.6320687186829
2020-02-03,8.833333333333334,43.833333333333336,22.5,119.89999999999999,24.109999999999896,41.87,7.680147936053451
2020-02-04,2.333333333333333,25.1,12.933333333333334,75.8,23.089999999999932,38.929999999999964,5.21951801479361
2020-02-05,1.4000000000000001,84.76666666666667,41.1,129.9,-7.750000000000073,12.889999999999901,10.066213314244827
2020-02-06,8.633333333333333,94.4,58.93333333333333,119.26666666666667,4.729999999999915,21.290000000000003,12.303149606299199
2020-02-07,14.033333333333333,99,61.6,113.03333333333333,10.189999999999948,24.709999999999898,7.158196134574093
2020-02-08,4.8,96.06666666666666,46.06666666666667,131.53333333333333,12.769999999999902,34.19,13.123359580052501
2020-02-09,5.4,100,68,89.5,4.84999999999994,19.36999999999993,6.71080887616321
2020-02-10,5.233333333333333,100,48.13333333333333,118.56666666666666,-3.97000000000006,22.609999999999967,7.3818897637795295
2020-02-11,0.5333333333333333,100,36.06666666666667,149.6,-9.07000000000007,23.809999999999967,7.75471247912193
2020-02-12,1.5333333333333334,100,45.733333333333334,121.13333333333334,0.5299999999999565,22.069999999999965,9.022309711286091
2020-02-13,1.7,90.76666666666667,45.53333333333333,85.5,3.9499999999999336,22.369999999999965,8.94774516821762
2020-02-14,0.3666666666666667,68.46666666666667,28.4,150.53333333333333,15.229999999999935,37.84999999999994,13.048795036984032
2020-02-15,0.7333333333333334,65.03333333333333,37.53333333333333,145.4,17.149999999999967,32.209999999999965,10.662729658792665
2020-02-16,9.066666666666666,87.2,51.9,124.4,16.55,31.669999999999934,9.99164877117634
2020-02-17,3.6666666666666665,100,68.23333333333333,140.86666666666667,0.8899999999999377,21.529999999999898,8.724051539012168
2020-02-18,0,100,47.86666666666667,147.96666666666667,-3.7900000000000524,21.46999999999993,5.666905273204489
2020-02-19,2.533333333333333,100,55.300000000000004,131.43333333333334,-12.370000000000033,19.79,4.2501789549033635
2020-02-20,0.19999999999999998,100,20.5,167.2,-12.670000000000034,31.789999999999964,5.144953471725129
2020-02-21,0.23333333333333334,49.233333333333334,15.9,166.06666666666666,13.009999999999913,40.12999999999997,7.90384156525889
2020-02-22,0.19999999999999998,63.5,25.1,153.63333333333333,19.07,43.30999999999994,7.829277022190411
2020-02-23,1.3,88.36666666666667,51,134.7,14.269999999999934,30.47,7.23276067764257
2020-02-24,3.1,86.83333333333333,47.3,138.29999999999998,5.269999999999927,21.589999999999968,17.37353853495583
2020-02-25,0.4333333333333333,89.03333333333333,49.833333333333336,106.2,-3.7300000000000573,12.589999999999902,16.777022190408037
2020-02-26,1.2333333333333334,84.83333333333333,38.03333333333333,158.3,0.7699999999999269,23.87,12.825101407778567
2020-02-27,1.3,69.26666666666667,40.43333333333333,161.8,14.089999999999955,28.729999999999933,16.329634931997134
2020-02-28,0,68.56666666666666,28.099999999999998,177.36666666666667,16.429999999999964,39.04999999999997,11.035552374135031
2020-02-29,0,50.03333333333333,21.533333333333335,179.06666666666666,21.349999999999934,42.22999999999993,10.588165115724202
2020-03-01,2.3,91.06666666666666,36.9,150.83333333333334,12.229999999999945,36.40999999999994,7.15819613457409
2020-03-02,0,87.4,45.233333333333334,170.8,12.829999999999934,30.77,15.285731329038432
2020-03-03,0,68.5,28.26666666666667,182.9,17.50999999999997,39.94999999999994,12.7505368647101
2020-03-04,0,52.900000000000006,20.733333333333334,192,20.269999999999932,43.07,12.601407778573133
2020-03-05,0,67.86666666666667,26.8,191.56666666666666,19.609999999999932,43.910000000000004,8.50035790980673
2020-03-06,0,53.63333333333333,18.099999999999998,191.86666666666667,22.729999999999965,50.33,7.083631591505609
2020-03-07,0,57.5,23.7,192.16666666666666,25.91,49.61,8.64948699594369
2020-03-08,1.2666666666666666,65.7,30.033333333333335,184.66666666666666,27.409999999999933,49.12999999999994,8.27666428060129
2020-03-09,0.8,64.96666666666667,38.3,192.66666666666666,26.149999999999967,41.44999999999997,9.395132426628507
2020-03-10,2.7666666666666666,59.3,46.166666666666664,146.1,27.82999999999993,36.289999999999935,11.110116917203566
2020-03-11,3.466666666666667,58.766666666666666,32.53333333333333,172.29999999999998,28.609999999999967,45.16999999999994,12.7505368647101
2020-03-12,2.0666666666666664,83.16666666666666,39.06666666666667,196.33333333333334,21.64999999999993,42.529999999999966,12.825101407778567
2020-03-13,4.233333333333333,86.16666666666667,52.33333333333333,149.43333333333334,18.769999999999932,33.649999999999935,9.17143879742305
2020-03-14,0.09999999999999999,87.76666666666667,37.63333333333333,164.70000000000002,20.389999999999898,43.49,7.75471247912193
2020-03-15,0,69,29.3,200.73333333333335,24.409999999999968,47.629999999999995,7.30732522071105
2020-03-16,0,63.733333333333334,25.7,209.03333333333333,23.989999999999895,48.22999999999997,6.4125507038892895
2020-03-17,0,64.46666666666667,24.066666666666666,204.13333333333333,24.289999999999896,50.57,7.829277022190411
2020-03-18,6.366666666666666,64.76666666666667,25.566666666666666,205.4,23.389999999999933,48.169999999999966,8.425793366738251
2020-03-19,19.766666666666666,100,65.03333333333333,169.36666666666667,13.610000000000001,30.949999999999932,12.079455977093769
2020-03-20,5.3,98.33333333333333,50.166666666666664,123,11.449999999999925,31.73,7.23276067764257
2020-03-21,1.4000000000000001,72.96666666666667,32.733333333333334,198.66666666666666,18.04999999999993,39.46999999999997,7.2327606776425695
2020-03-22,0.8333333333333334,70,39.8,175.93333333333334,19.609999999999964,35.509999999999934,11.110116917203532
2020-03-23,2.6999999999999997,74.13333333333333,32.766666666666666,191.79999999999998,18.529999999999966,40.36999999999993,8.127535194464329
2020-03-24,0.7999999999999999,59.666666666666664,34.8,209.1,26.629999999999967,41.93,11.482939632545968
2020-03-25,0,57.53333333333333,29.9,219.83333333333334,25.129999999999967,43.3099999999999,16.478764018134065
2020-03-26,0,61.43333333333334,25.033333333333335,223.1,22.85,46.60999999999997,12.079455977093799
2020-03-27,4.133333333333333,100,62.16666666666667,201,13.4899999999999,30.649999999999935,7.53101884991649
2020-03-28,0,83.06666666666666,41.233333333333334,208,10.429999999999946,29.269999999999932,17.373538534955866
2020-03-29,0.5666666666666667,75.33333333333334,32.3,210.26666666666668,15.829999999999933,37.85,6.934502505368649
2020-03-30,0,84.5,33.833333333333336,208.56666666666666,17.809999999999967,42.04999999999993,9.09687425435457
2020-03-31,0.13333333333333333,55.9,26.3,235.56666666666666,28.01,47.50999999999997,11.706633261751367
2020-04-01,0.4666666666666667,70.5,25.7,220.73333333333335,25.549999999999965,52.07,8.947745168217612
2020-04-02,3.8666666666666667,100,54.36666666666667,206.73333333333332,9.109999999999964,32.749999999999936,5.592340730136006
2020-04-03,1.3666666666666667,100,43.300000000000004,190.2,6.469999999999963,29.929999999999968,6.41255070388929
2020-04-04,0,77.03333333333333,25.1,225.29999999999998,16.19,44.569999999999965,6.85993796230017
2020-04-05,0,65.6,25.066666666666666,205.66666666666666,26.03,51.22999999999997,9.991648771176322
2020-04-06,0,45.233333333333334,19.066666666666666,234.76666666666668,31.609999999999967,53.27,10.737294201861134
2020-04-07,0,43.1,18.5,237.86666666666667,31.489999999999966,52.54999999999997,13.048795036984032
2020-04-08,0,64.63333333333334,21.2,239.83333333333334,23.569999999999933,52.13,10.364471486518731
2020-04-09,0,74.46666666666667,25.066666666666666,236.53333333333333,23.389999999999965,51.88999999999994,5.74146981627297
2020-04-10,0,55.8,23.4,239.66666666666666,31.609999999999967,54.17,9.693390598902443
2020-04-11,8.233333333333333,75.93333333333334,23.066666666666666,243.16666666666666,20.269999999999968,50.749999999999936,11.6320687186829
2020-04-12,5.3,100,61.4,136.73333333333332,6.109999999999954,25.25,5.070388928656651
2020-04-13,3.066666666666667,100,53.46666666666667,162.46666666666667,-0.6100000000000636,17.87,4.846695299451207
2020-04-14,2.033333333333333,91.2,30.933333333333334,230.1,1.6099999999999313,28.309999999999967,14.540085898353635
2020-04-15,22.96666666666667,81.13333333333334,42.1,205.6,16.67,34.189999999999934,9.171438797423054
2020-04-16,15.200000000000001,100,68.03333333333333,201.8,3.409999999999969,22.85,5.74146981627297
2020-04-17,1.1666666666666667,78.2,24.5,261.26666666666665,9.589999999999971,37.97,10.737294201861157
2020-04-18,3.9,64.53333333333333,29.033333333333335,220.96666666666667,22.19,42.76999999999993,7.45645430684801
2020-04-19,0.5,62.8,25.833333333333332,245.63333333333333,23.27,46.12999999999997,9.842519685039383
2020-04-20,0,66.83333333333333,23.733333333333334,258.43333333333334,22.37,48.889999999999965,7.2327606776425695
2020-04-21,0,80.39999999999999,23.366666666666667,244.46666666666667,22.130000000000003,54.17,5.294082557862089
2020-04-22,0.5,58.36666666666667,23.7,257.16666666666663,29.150000000000002,52.30999999999997,10.43903602958719
2020-04-23,4.066666666666666,68.53333333333333,30.566666666666666,218.26666666666665,27.349999999999966,48.94999999999997,13.4216177523264
2020-04-24,4.3999999999999995,70.9,37.36666666666667,167.3,26.03,43.48999999999997,10.960987831066598
2020-04-25,0.8333333333333334,63.53333333333333,29.76666666666667,202.26666666666665,27.46999999999993,47.57,9.395132426628495
2020-04-26,3.466666666666667,58.733333333333334,25.933333333333334,237.70000000000002,33.17,54.709999999999965,11.035552374135069
2020-04-27,0.6333333333333333,56.333333333333336,22.6,262.1666666666667,35.74999999999993,59.56999999999997,10.662729658792632
2020-04-28,0,67.1,26.366666666666667,263.5333333333333,29.03,53.93,15.211166785969933
2020-04-29,0,62.666666666666664,18.433333333333334,265.06666666666666,30.229999999999965,61.97,6.33798616082081
2020-04-30,0.16666666666666666,47.53333333333333,15.7,247.4,37.789999999999935,67.66999999999997,10.28990694345027
2020-05-01,1.0666666666666667,58.46666666666667,19.833333333333332,285.09999999999997,36.58999999999994,66.40999999999997,7.23276067764257
2020-05-02,5.966666666666667,83.93333333333334,39.56666666666666,268.2,33.289999999999935,55.19,6.78537341923169
2020-05-03,2.5666666666666664,72.23333333333333,27.766666666666666,268.6,33.529999999999966,60.35,5.74146981627297
2020-05-04,1,71.93333333333334,39.13333333333333,276,28.129999999999928,45.35,13.197924123120968
2020-05-05,0.16666666666666666,45.03333333333333,12.9,294.8,22.849999999999934,54.11,8.72405153901217
2020-05-06,0,69.7,19.866666666666667,290.43333333333334,23.57,56.689999999999934,7.75471247912193
2020-05-07,0,53.8,19.333333333333332,303.6333333333333,24.34999999999993,51.11,14.689214984490565
2020-05-08,0.26666666666666666,79.76666666666667,27.833333333333336,299.8666666666667,22.48999999999993,50.689999999999905,7.456454306848009
2020-05-09,0,72.06666666666666,27.8,301.2,25.310000000000002,51.10999999999997,7.158196134574089
2020-05-10,0.3333333333333333,80.3,28.8,292.56666666666666,24.469999999999967,52.49,5.368647100930569
2020-05-11,6.1,80.63333333333334,40.199999999999996,207.03333333333333,28.969999999999935,48.82999999999997,6.63624433309473
2020-05-12,0,68.8,26.333333333333332,276.73333333333335,33.47,60.289999999999964,9.022309711286093
2020-05-13,0,45,18.4,283.6333333333333,34.84999999999994,59.03,12.004891434025302
2020-05-14,1.4333333333333333,66.7,32.36666666666667,268,33.64999999999997,54.29,6.11429253161537
2020-05-15,5.766666666666667,77.26666666666667,41.96666666666667,227.16666666666666,33.94999999999997,52.07,6.33798616082081
2020-05-16,0,78.5,29.900000000000002,277.3666666666667,29.689999999999966,56.509999999999934,5.368647100930569
2020-05-17,0.43333333333333335,84,22.7,302.6666666666667,30.64999999999993,66.58999999999999,5.816034359341451
2020-05-18,0,59.2,16.5,305.76666666666665,38.81,74.089999999999975,7.754712479121929
2020-05-19,0.09999999999999999,42.56666666666666,12.4,301.8666666666667,40.429999999999936,73.49,13.123359580052501
2020-05-20,0,50.46666666666667,13.2,304.3333333333333,34.85,70.43,13.943569553805801
2020-05-21,0,46.6,15.066666666666666,315.90000000000003,29.869999999999965,59.21,7.307325220711049
2020-05-22,0,56.13333333333333,15.1,313.23333333333335,30.709999999999965,65.44999999999996,9.09687425435457
2020-05-23,0.4,47.733333333333334,16.633333333333333,288.26666666666665,33.88999999999997,62.03,7.97840610832737
2020-05-24,10.233333333333333,84.43333333333334,52.333333333333336,218.83333333333334,26.98999999999993,41.449999999999996,5.36864710093057
2020-05-25,0.19999999999999998,79.83333333333333,30.033333333333335,303.26666666666665,24.409999999999968,50.87,7.680147936053451
2020-05-26,0,61.666666666666664,20.733333333333334,309.93333333333334,33.529999999999966,62.93000000000001,9.246003340491534
2020-05-27,0.26666666666666666,71.63333333333334,26.8,291.5333333333333,37.42999999999991,65.32999999999996,6.85993796230017
2020-05-28,0.26666666666666666,89.3,34.06666666666666,309.5,37.12999999999997,65.03,4.921259842519687
2020-05-29,0.36666666666666664,71.36666666666667,20.53333333333333,290.4,39.35,74.44999999999997,5.368647100930566
2020-05-30,1.8333333333333335,73.2,26.3,283.6333333333333,42.11,71.62999999999997,6.934502505368649
2020-05-31,0.5333333333333333,63.233333333333334,23.03333333333333,283.7,43.96999999999997,72.83,5.96516344547841
2020-06-01,0.6333333333333333,53.46666666666667,17.233333333333334,292.8333333333333,44.689999999999934,76.36999999999998,6.18885707468385
2020-06-02,0,48.9,15.233333333333334,297.8666666666667,42.17,74.39,6.85993796230017
2020-06-03,0.09999999999999999,48.43333333333334,15.666666666666668,294.4,41.69,72.64999999999998,9.917084228107857
2020-06-04,0.16666666666666666,45.7,15.7,284.5,42.16999999999994,71.45,11.035552374135033
2020-06-05,0.2333333333333333,44.06666666666667,11.766666666666667,295.26666666666665,43.789999999999935,79.43,9.618826055833946
2020-06-06,1.5,60.86666666666667,26.2,240.76666666666665,40.009999999999906,64.13,17.075280362681934
2020-06-07,0,46.9,14.5,301.8666666666667,39.22999999999993,70.91000000000001,16.031376759723234
2020-06-08,9.766666666666667,70.4,23.833333333333332,291.8,29.81,59.39,11.333810546408996
2020-06-09,4.2,61.766666666666666,34.13333333333333,263.3,29.689999999999934,46.61,19.908732999284197
2020-06-10,0,53.7,22.533333333333335,304.53333333333336,34.849999999999966,58.79,11.557504175614433
2020-06-11,0.3333333333333333,54.53333333333333,16.03333333333333,305.0333333333333,35.02999999999994,68.03,6.63624433309473
2020-06-12,0.3333333333333333,53.46666666666667,13.933333333333334,303.7,38.569999999999936,75.16999999999997,7.82927702219041
2020-06-13,0.6666666666666667,48.93333333333333,17,292.43333333333334,43.67,73.13,10.364471486518736
2020-06-14,0,41.9,14.166666666666666,304.93333333333334,42.58999999999994,72.04999999999997,14.2418277260797
2020-06-15,0,40.93333333333333,12.366666666666667,302.73333333333335,41.02999999999997,72.95,8.50035790980673
2020-06-16,0,38.699999999999996,12.1,305.09999999999997,43.249999999999964,74.44999999999997,15.062037699832969
2020-06-17,0,41.8,12.166666666666666,300.56666666666666,41.209999999999965,74.15,13.570746838463368
2020-06-18,5.533333333333333,63.4,28.033333333333335,288.3666666666667,36.82999999999997,59.98999999999997,6.4125507038892895
2020-06-19,1.7666666666666666,77,36.1,253.93333333333334,33.94999999999997,55.85,9.32056788356002
2020-06-20,0,51.1,14.766666666666667,299.7,34.18999999999997,67.36999999999998,10.439036029587209
2020-06-21,1.1666666666666667,54.43333333333334,21.666666666666668,279.1666666666667,39.94999999999994,65.80999999999997,9.991648771176326
2020-06-22,0,67.7,25.666666666666668,287.56666666666666,39.169999999999966,66.83,5.144953471725129
2020-06-23,6.233333333333333,74.36666666666666,25.099999999999998,281.1333333333333,39.76999999999997,70.78999999999998,4.026485325697923
2020-06-24,5.666666666666667,55.86666666666667,18.266666666666666,292.06666666666666,42.94999999999997,74.33,4.921259842519687
2020-06-25,0,52.4,15.966666666666667,277.3,41.99,74.92999999999998,7.00906704843713
2020-06-26,1.1666666666666667,74.93333333333334,28.6,264.43333333333334,41.569999999999936,69.589999999999975,5.36864710093057
2020-06-27,0,49.266666666666666,19.266666666666666,297.4666666666667,44.08999999999994,70.06999999999996,8.72405153901217
2020-06-28,0,46.7,18.633333333333333,282.4666666666667,45.049999999999905,70.85,10.811858744929625
2020-06-29,0.5333333333333333,45.766666666666666,14.933333333333334,301.7,44.20999999999994,74.74999999999997,10.28990694345027
2020-06-30,0,65.2,26.3,300.06666666666666,35.2099999999999,59.86999999999997,9.096874254354567
2020-07-01,0,58.1,15.3,303.46666666666664,35.62999999999997,70.36999999999998,8.798616082080649
2020-07-02,0,46.266666666666666,12.533333333333333,301.9666666666667,41.99,75.76999999999997,8.72405153901217
2020-07-03,0.13333333333333333,52.3,17.3,283.06666666666666,45.94999999999994,75.94999999999997,4.101049868766403
2020-07-04,2.6333333333333333,70.06666666666666,22.400000000000002,242,42.410000000000004,74.09,5.51777618706753
2020-07-05,2.566666666666667,67.8,22.2,276.5,43.00999999999996,74.03,4.324743497971847
2020-07-06,0.4666666666666667,49.63333333333333,14.5,296.6333333333333,44.569999999999936,77.21000000000001,6.33798616082081
2020-07-07,0,45.6,12.133333333333333,289.56666666666666,44.569999999999965,79.01,11.482939632545968
2020-07-08,0,34.86666666666667,8.866666666666667,302.9,42.709999999999965,76.06999999999998,9.842519685039383
2020-07-09,0,50.63333333333333,13.299999999999999,298.3,41.80999999999997,76.79,5.666905273204489
2020-07-10,0,42.56666666666667,9.533333333333333,303.23333333333335,42.649999999999935,80.26999999999997,9.767955141970896
2020-07-11,0,39.93333333333333,9.566666666666666,295.43333333333334,44.20999999999994,80.089999999999975,7.00906704843713
2020-07-12,0,40.166666666666664,13.5,278.2,49.61,78.23,8.35122882366977
2020-07-13,0.26666666666666666,49.03333333333333,16.666666666666668,279.06666666666666,48.53,77.74999999999997,11.184681460272001
2020-07-14,0.9,69.26666666666667,24.400000000000002,259.23333333333335,44.15,73.36999999999998,7.45645430684801
2020-07-15,0.13333333333333333,73.9,28.266666666666666,283.59999999999997,43.12999999999993,70.43,6.85993796230017
2020-07-16,0.2333333333333333,54.13333333333333,16.766666666666666,287.2,46.61,78.29,7.15819613457409
2020-07-17,0,46.86666666666667,18.066666666666666,278.23333333333335,50.26999999999993,75.94999999999997,7.45645430684801
2020-07-18,0.3666666666666667,52.36666666666667,15.4,270.9,46.18999999999997,79.18999999999997,8.79861608208065
2020-07-19,0.26666666666666666,55.800000000000004,17.03333333333333,272.26666666666665,45.28999999999997,77.50999999999998,6.56167979002625
2020-07-20,0,50.6,15.233333333333333,282.0333333333333,45.529999999999966,77.74999999999997,6.636244333094729
2020-07-21,0,73.73333333333333,23.266666666666666,285.76666666666665,43.72999999999993,76.13,7.15819613457409
2020-07-22,0.7666666666666666,56.43333333333333,17.166666666666668,272.56666666666666,45.46999999999997,77.81,5.74146981627297
2020-07-23,3.0666666666666664,64.66666666666667,24.166666666666668,257.3666666666667,46.54999999999993,74.21000000000001,4.623001670245771
2020-07-24,0.6333333333333333,66.23333333333333,33.06666666666666,219.93333333333334,49.01,69.47,3.42996898115008
2020-07-25,2.6,76.3,45.86666666666667,177.53333333333333,46.96999999999997,62.75,5.36864710093057
2020-07-26,0.8333333333333334,92.43333333333334,40.63333333333333,225.53333333333333,42.82999999999997,66.95,5.816034359341449
2020-07-27,0.3,89.26666666666667,29.666666666666668,260.3333333333333,41.68999999999997,73.01,6.41255070388929
2020-07-28,1.6333333333333333,76.36666666666666,33.2,222.6,43.42999999999997,67.42999999999996,6.85993796230017
2020-07-29,0,59.833333333333336,21.966666666666665,268.3666666666667,44.92999999999997,72.589999999999975,12.750536864710067
2020-07-30,1.8333333333333333,81.26666666666667,29.433333333333334,265.5,41.21,69.95,9.171438797423049
2020-07-31,2.6333333333333333,78.53333333333333,23,269.76666666666665,40.48999999999997,74.20999999999994,6.337986160820811
2020-08-01,1.1,76.3,22.266666666666666,253.13333333333333,40.60999999999997,74.33,4.1010498687664025
2020-08-02,1.0666666666666667,78.13333333333333,27.133333333333333,259.73333333333335,42.40999999999997,72.04999999999997,4.548437127177287
2020-08-03,1.0666666666666667,68.16666666666667,21.933333333333334,257.2,45.16999999999994,76.61,4.772130756382726
2020-08-04,0.5333333333333333,57,18.133333333333333,259.5333333333333,46.61,77.63,8.351228823669771
2020-08-05,0.36666666666666664,68.46666666666667,25.333333333333332,232.33333333333331,45.529999999999966,73.36999999999999,7.23276067764257
2020-08-06,0.13333333333333333,67.03333333333333,21.433333333333334,255.23333333333332,43.849999999999966,75.16999999999994,6.7108088761632105
2020-08-07,0,40.8,10.466666666666667,272.26666666666665,44.4499999999999,78.17,8.649486995943692
2020-08-08,0,33.93333333333334,8.9,270.1333333333333,45.40999999999994,77.21000000000001,8.50035790980673
2020-08-09,0,33.7,8.166666666666666,269.3,44.99,78.40999999999997,8.50035790980673
2020-08-10,0,42.66666666666667,11.566666666666666,266.40000000000003,44.44999999999997,77.32999999999997,6.48711524695777
2020-08-11,0,42.4,11.566666666666666,215.1,45.04999999999997,77.80999999999997,8.57492245287521
2020-08-12,0,43.93333333333334,13.4,245.26666666666665,44.14999999999997,74.39,8.87318062514913
2020-08-13,0,39.4,9.9,263.8666666666667,43.73,77.57,8.798616082080649
2020-08-14,0,42.43333333333333,9.7,263.43333333333334,42.29,78.70999999999998,6.56167979002625
2020-08-15,0,48.7,11.633333333333333,263.1,42.289999999999935,78.77,5.74146981627297
2020-08-16,0,55.5,14.966666666666667,258.8666666666667,43.789999999999935,78.35000000000001,5.816034359341449
2020-08-17,0,53.63333333333333,15.1,256.23333333333335,46.069999999999965,79.73,4.324743497971846
2020-08-18,0,46.53333333333333,13.033333333333333,250.63333333333333,46.669999999999966,79.61,7.009067048437129
2020-08-19,0.3333333333333333,60.46666666666667,18.333333333333332,226.26666666666668,45.46999999999997,77.86999999999995,6.18885707468385
2020-08-20,0,64.2,21.03333333333333,236.83333333333334,45.469999999999935,76.06999999999996,6.33798616082081
2020-08-21,0,57.5,16.966666666666665,249.36666666666667,45.40999999999997,78.05,8.50035790980673
2020-08-22,0,39.9,10.433333333333334,250.4,46.309999999999995,79.72999999999995,8.42579336673825
2020-08-23,0.09999999999999999,41.06666666666667,12.333333333333334,229.53333333333333,48.11,78.77,3.7282271534240072
2020-08-24,0.39999999999999997,46.86666666666667,15.833333333333334,199.83333333333334,50.39,79.19,4.7721307563827295
2020-08-25,2.6666666666666665,54.43333333333333,18.733333333333334,221.93333333333334,49.72999999999997,78.47,4.9212598425196905
2020-08-26,1.3,74.36666666666667,24.8,211.03333333333333,44.98999999999997,75.64999999999996,5.89059890240993
2020-08-27,2.4,65.89999999999999,21.5,212.1,46.069999999999936,76.97,4.324743497971847
2020-08-28,1.2333333333333334,82.10000000000001,32.4,216.56666666666666,41.44999999999993,67.78999999999999,6.03972798854689
2020-08-29,2.8666666666666667,78.23333333333333,34.9,192.13333333333333,41.44999999999994,64.31,7.97840610832737
2020-08-30,0.43333333333333335,70.1,20.766666666666666,236.96666666666667,37.48999999999997,70.13,13.794440467668801
2020-08-31,1.0333333333333334,79.1,24.03333333333333,219.23333333333332,34.249999999999936,66.82999999999997,7.456454306848009
2020-09-01,0.4666666666666666,66.73333333333333,24.9,243.2,37.72999999999997,64.78999999999996,8.052970651395851
2020-09-02,0.5,58.2,15.6,242.96666666666667,37.18999999999997,72.04999999999997,9.693390598902399
2020-09-03,0,48.733333333333334,13.3,238.33333333333334,40.609999999999964,74.69,6.487115246957769
2020-09-04,0,45.86666666666667,12.866666666666667,238.83333333333331,43.069999999999965,76.54999999999997,5.070388928656646
2020-09-05,0,36.2,8.4,239.1,45.349999999999966,82.07,9.096874254354567
2020-09-06,0,30.066666666666666,7.8,235.76666666666668,46.42999999999997,79.25,11.930326890956836
2020-09-07,2.033333333333333,58.46666666666667,9.966666666666667,238.43333333333334,29.269999999999964,73.72999999999995,11.5575041756144
2020-09-08,13.633333333333333,93.73333333333333,65.53333333333333,138.33333333333334,18.709999999999933,30.229999999999933,16.62789310427103
2020-09-09,3.1,92.56666666666666,51.5,159.6,19.129999999999967,36.05,4.8466952994512065
2020-09-10,5.433333333333334,95.7,57.166666666666664,152.56666666666666,25.96999999999993,41.44999999999997,5.29408255786209
2020-09-11,2.1333333333333333,73.63333333333333,42.666666666666664,175.16666666666666,31.73,47.44999999999997,14.167263183011233
2020-09-12,0.16666666666666666,62.2,19.366666666666667,225.16666666666666,32.80999999999997,63.59,8.50035790980673
2020-09-13,0,54.03333333333333,14.3,221.36666666666665,34.48999999999997,69.05,4.250178954903363
2020-09-14,0.13333333333333333,43.3,12.533333333333333,221.86666666666667,38.50999999999997,70.19,6.18885707468385
2020-09-15,0,39.9,11.233333333333334,220.36666666666667,38.26999999999994,70.24999999999997,7.829277022190409
2020-09-16,0,53.43333333333333,18.766666666666666,216.1,37.07,65.08999999999999,6.56167979002625
2020-09-17,0,38.3,10.4,216.9,37.1299999999999,69.47,7.083631591505609
2020-09-18,0,42.300000000000004,12.4,213.23333333333332,38.149999999999935,69.46999999999994,7.456454306848009
2020-09-19,0,43.4,15.033333333333333,193.53333333333333,42.10999999999997,69.95,9.618826055833923
2020-09-20,0,54.96666666666667,19.6,203.03333333333333,37.729999999999905,65.45,9.917084228107855
2020-09-21,0,52.06666666666667,16.066666666666666,205,37.79,68.87,6.63624433309473
2020-09-22,0,51.36666666666667,18,188.4,40.54999999999993,68.50999999999998,5.144953471725126
2020-09-23,0,50.9,19.333333333333332,201.5,41.26999999999997,67.18999999999997,8.72405153901217
2020-09-24,0,40.2,13.299999999999999,201.96666666666667,43.90999999999994,72.16999999999997,7.3818897637795295
2020-09-25,0,35,13.366666666666667,197.1,46.85,71.44999999999997,11.706633261751369
2020-09-26,0,37.5,14.866666666666667,194.23333333333332,43.90999999999997,68.03,14.390956812216633
2020-09-27,0,85.63333333333333,37.63333333333333,159.36666666666667,25.78999999999993,48.28999999999997,8.276664280601294
2020-09-28,0,55.7,18,200.13333333333333,21.949999999999967,50.09,9.991648771176331
2020-09-29,0,43.46666666666667,12.166666666666666,189.26666666666668,34.36999999999993,65.51,9.469696969696967
2020-09-30,0,53.766666666666666,13.333333333333334,195.2,29.809999999999967,61.85,5.21951801479361
2020-10-01,0,66.43333333333334,20.133333333333333,196.03333333333333,28.37,57.230000000000004,5.89059890240993
2020-10-02,0,52.199999999999996,14.4,180.73333333333335,31.67,61.49,8.873180625149125
2020-10-03,0,66.76666666666667,23.333333333333332,192.26666666666665,30.289999999999967,56.14999999999997,5.07038892865665
2020-10-04,0,43.1,12.666666666666666,193.76666666666668,37.79,65.21000000000001,7.605583392984971
2020-10-05,0,36.86666666666667,10.066666666666666,192.03333333333333,36.52999999999997,64.12999999999997,11.408375089477467
2020-10-06,0,30.5,7.7,189.96666666666667,41.62999999999997,68.92999999999998,7.68014793605345
2020-10-07,0,33.93333333333333,7.433333333333334,189.6,38.62999999999997,69.71000000000001,6.188857074683849
2020-10-08,0,31.23333333333333,7.9,186.9,40.06999999999997,67.60999999999997,7.60558339298497
2020-10-09,0,35.4,9.566666666666666,182.73333333333335,39.29,66.95,7.2327606776425695
2020-10-10,0,41.666666666666664,12.7,177.03333333333333,39.469999999999935,66.11,8.35122882366977
2020-10-11,3.3,65.43333333333334,23.9,145.63333333333333,26.990000000000002,50.86999999999997,21.847411119064667
2020-10-12,0,45.5,14.866666666666667,177.43333333333334,27.88999999999997,51.82999999999997,17.44810307802433
2020-10-13,0,33.266666666666666,11.933333333333334,174.46666666666667,40.370000000000005,60.88999999999997,12.899665950847067
2020-10-14,0,58.43333333333333,18.966666666666665,169.6,30.949999999999932,57.94999999999997,20.728942973037466
2020-10-15,0,62.733333333333334,30.366666666666667,162.2,22.549999999999933,40.01,11.408375089477477
2020-10-16,0,55.06666666666666,16.1,165.8,24.829999999999966,52.849999999999966,15.434860415175367
2020-10-17,0,47.03333333333333,26,149.96666666666667,37.12999999999997,50.98999999999997,21.2508947745168
2020-10-18,0,50.13333333333333,25.166666666666664,143.2,35.98999999999997,52.42999999999997,12.825101407778567
2020-10-19,0,37.833333333333336,18.333333333333332,160.43333333333334,41.45,56.929999999999936,12.004891434025293
2020-10-20,0,54.800000000000004,19.7,159.6,30.88999999999997,55.06999999999997,13.645311381531833
2020-10-21,0,36.8,13.266666666666666,160.9,38.21,60.05,11.333810546408989
2020-10-22,0,84.63333333333334,18.566666666666666,157.96666666666667,16.55,52.37,7.30732522071105
2020-10-23,0,70.93333333333334,21.5,155.29999999999998,15.289999999999935,42.94999999999997,5.965163445478409
2020-10-24,1.6666666666666667,84,22.666666666666668,148.46666666666667,17.569999999999933,49.55,11.557504175614397
2020-10-25,23.5,100,57.36666666666667,94.4,-5.05000000000007,19.72999999999997,7.30732522071105
2020-10-26,1.4666666666666668,100,44.766666666666666,111.53333333333333,-5.0500000000000504,16.13,5.666905273204489
2020-10-27,0.3666666666666667,84.2,16.733333333333334,155.13333333333335,1.6699999999999606,37.069999999999936,7.083631591505609
2020-10-28,0,90.8,30.9,146.6,18.889999999999933,45.47,8.50035790980673
2020-10-29,0,72.33333333333334,28.76666666666667,147.33333333333331,23.749999999999968,46.30999999999994,8.20209973753281
2020-10-30,0,50.333333333333336,19.566666666666666,149.16666666666666,28.490000000000002,49.78999999999997,8.05297065139585
2020-10-31,0,61.1,23.666666666666668,146.93333333333334,23.269999999999968,45.94999999999997,10.066213314244825
2020-11-01,0,40.7,13.066666666666666,146.16666666666666,30.22999999999997,54.28999999999997,8.35122882366977
2020-11-02,0,40.833333333333336,11.733333333333333,144.4,31.3099999999999,58.849999999999966,8.05297065139585
2020-11-03,0,42,14.766666666666667,131.8,35.38999999999994,58.73,7.82927702219041
2020-11-04,0,55.7,26.666666666666668,135.86666666666667,36.889999999999965,54.410000000000004,9.171438797423049
2020-11-05,0,50.233333333333334,19.533333333333335,136.23333333333335,35.80999999999993,57.88999999999994,7.605583392984971
2020-11-06,0,43.2,15.1,128.5,33.349999999999966,57.22999999999994,8.052970651395851
2020-11-07,0.8666666666666667,78.26666666666667,28.866666666666667,118.96666666666667,29.39,55.07,11.706633261751369
2020-11-08,1.7666666666666668,87.83333333333333,41.4,127.36666666666666,20.149999999999967,39.22999999999997,16.553328561202566
2020-11-09,4.533333333333333,100,71.63333333333334,78.1,14.209999999999933,26.329999999999966,4.548437127177286
2020-11-10,0.16666666666666666,81.43333333333334,58.06666666666666,126.53333333333333,13.369999999999944,22.130000000000003,14.9874731567645
2020-11-11,2.5,76.03333333333333,41.86666666666667,114.13333333333333,12.589999999999991,27.049999999999965,11.557504175614431
2020-11-12,0.8666666666666667,83.6,49.46666666666667,122.56666666666666,11.569999999999947,25.19,11.930326890956833
2020-11-13,2.6666666666666665,62.03333333333333,25.900000000000002,126.8,18.589999999999932,37.79,12.154020520162266
2020-11-14,3.1666666666666665,73.93333333333334,38.266666666666666,81.26666666666667,10.96999999999994,26.329999999999966,18.11918396564063
2020-11-15,1.6333333333333333,71.60000000000001,37.46666666666667,87.46666666666667,17.389999999999965,33.04999999999997,14.465521355285134
2020-11-16,NaN,NaN,NaN,124.66666666666667,NaN,NaN,6.263421617752329
